Municipios	Periodo	Total
03014 Alacant/Alicante	2023	22,59
03014 Alacant/Alicante	2022	29,93
03014 Alacant/Alicante	2021	4,39
03014 Alacant/Alicante	2020	3,8
03014 Alacant/Alicante	2019	7,72
03014 Alacant/Alicante	2018	9,93
03014 Alacant/Alicante	2017	4,8
03014 Alacant/Alicante	2016	-1,63
03014 Alacant/Alicante	2015	5,7
03014 Alacant/Alicante	2014	-10,35
02003 Albacete	2023	5,02
02003 Albacete	2022	6,62
02003 Albacete	2021	-4,33
02003 Albacete	2020	-8,81
02003 Albacete	2019	5,79
02003 Albacete	2018	1,61
02003 Albacete	2017	1,35
02003 Albacete	2016	2,26
02003 Albacete	2015	1,77
02003 Albacete	2014	-2,12
41004 Alcalá de Guadaíra	2023	3,68
41004 Alcalá de Guadaíra	2022	9,52
41004 Alcalá de Guadaíra	2021	4,99
41004 Alcalá de Guadaíra	2020	2,5
41004 Alcalá de Guadaíra	2019	3,37
41004 Alcalá de Guadaíra	2018	0,31
41004 Alcalá de Guadaíra	2017	2
41004 Alcalá de Guadaíra	2016	0,35
41004 Alcalá de Guadaíra	2015	3,13
41004 Alcalá de Guadaíra	2014	5,91
28005 Alcalá de Henares	2023	7,31
28005 Alcalá de Henares	2022	11,85
28005 Alcalá de Henares	2021	2,26
28005 Alcalá de Henares	2020	-10,13
28005 Alcalá de Henares	2019	9,73
28005 Alcalá de Henares	2018	9,75
28005 Alcalá de Henares	2017	-2,88
28005 Alcalá de Henares	2016	-8,19
28005 Alcalá de Henares	2015	-14,41
28005 Alcalá de Henares	2014	-10,1
28006 Alcobendas	2023	16,4
28006 Alcobendas	2022	21,45
28006 Alcobendas	2021	0,34
28006 Alcobendas	2020	-12,94
28006 Alcobendas	2019	11,7
28006 Alcobendas	2018	8,61
28006 Alcobendas	2017	10,16
28006 Alcobendas	2016	13,36
28006 Alcobendas	2015	2,52
28006 Alcobendas	2014	7,7
03009 Alcoi/Alcoy	2023	14,73
03009 Alcoi/Alcoy	2022	9,7
03009 Alcoi/Alcoy	2021	-3,37
03009 Alcoi/Alcoy	2020	-2,82
03009 Alcoi/Alcoy	2019	6,08
03009 Alcoi/Alcoy	2018	0,29
03009 Alcoi/Alcoy	2017	-2,18
03009 Alcoi/Alcoy	2016	-1,56
03009 Alcoi/Alcoy	2015	-6,21
03009 Alcoi/Alcoy	2014	-1,81
28007 Alcorcón	2023	10,9
28007 Alcorcón	2022	8,19
28007 Alcorcón	2021	-0,82
28007 Alcorcón	2020	-4,7
28007 Alcorcón	2019	10,91
28007 Alcorcón	2018	5,95
28007 Alcorcón	2017	8,06
28007 Alcorcón	2016	4,69
28007 Alcorcón	2015	1,3
28007 Alcorcón	2014	-18,96
11004 Algeciras	2023	8,87
11004 Algeciras	2022	12,98
11004 Algeciras	2021	-8,88
11004 Algeciras	2020	2,9
11004 Algeciras	2019	9,15
11004 Algeciras	2018	4,46
11004 Algeciras	2017	2,32
11004 Algeciras	2016	4,4
11004 Algeciras	2015	14,04
11004 Algeciras	2014	7,99
04013 Almería	2023	6,36
04013 Almería	2022	11,13
04013 Almería	2021	-9,17
04013 Almería	2020	-5,22
04013 Almería	2019	13,95
04013 Almería	2018	8,51
04013 Almería	2017	7,45
04013 Almería	2016	4,48
04013 Almería	2015	1,61
04013 Almería	2014	4,4
28013 Aranjuez	2023	24,45
28013 Aranjuez	2022	14,17
28013 Aranjuez	2021	-0,27
28013 Aranjuez	2020	-2,92
28013 Aranjuez	2019	12,09
28013 Aranjuez	2018	9,61
28013 Aranjuez	2017	14,06
28013 Aranjuez	2016	4,84
28013 Aranjuez	2015	-4,07
28013 Aranjuez	2014	6,48
28014 Arganda del Rey	2023	9,95
28014 Arganda del Rey	2022	22,41
28014 Arganda del Rey	2021	17,76
28014 Arganda del Rey	2020	-6,43
28014 Arganda del Rey	2019	23
28014 Arganda del Rey	2018	15,19
28014 Arganda del Rey	2017	13,53
28014 Arganda del Rey	2016	-8,05
28014 Arganda del Rey	2015	-5,09
28014 Arganda del Rey	2014	-14,09
38006 Arona	2023	15,5
38006 Arona	2022	33,73
38006 Arona	2021	6,37
38006 Arona	2020	3,86
38006 Arona	2019	19,04
38006 Arona	2018	22,01
38006 Arona	2017	6,54
38006 Arona	2016	-3,06
38006 Arona	2015	-9,5
38006 Arona	2014	0,48
35004 Arrecife	2023	49,56
35004 Arrecife	2022	19,58
35004 Arrecife	2021	-12,49
35004 Arrecife	2020	-5,69
35004 Arrecife	2019	25,97
35004 Arrecife	2018	26,33
35004 Arrecife	2017	26,09
35004 Arrecife	2016	20,86
35004 Arrecife	2015	27,66
35004 Arrecife	2014	1,05
05019 Ávila	2023	9,71
05019 Ávila	2022	5,46
05019 Ávila	2021	1,87
05019 Ávila	2020	-4,28
05019 Ávila	2019	10,77
05019 Ávila	2018	1,51
05019 Ávila	2017	-8,5
05019 Ávila	2016	1,14
05019 Ávila	2015	-4,72
05019 Ávila	2014	-9,8
33004 Avilés	2023	0,26
33004 Avilés	2022	-4,25
33004 Avilés	2021	-12,9
33004 Avilés	2020	-10,86
33004 Avilés	2019	-5,01
33004 Avilés	2018	-6,79
33004 Avilés	2017	-10,1
33004 Avilés	2016	-7,52
33004 Avilés	2015	-9,52
33004 Avilés	2014	-9,59
06015 Badajoz	2023	2,85
06015 Badajoz	2022	0,88
06015 Badajoz	2021	-3,08
06015 Badajoz	2020	0,42
06015 Badajoz	2019	1,87
06015 Badajoz	2018	1,14
06015 Badajoz	2017	-0,09
06015 Badajoz	2016	3,97
06015 Badajoz	2015	0,36
06015 Badajoz	2014	-4,16
08015 Badalona	2023	8,51
08015 Badalona	2022	8,68
08015 Badalona	2021	2,76
08015 Badalona	2020	-6,37
08015 Badalona	2019	12,29
08015 Badalona	2018	12,32
08015 Badalona	2017	8,73
08015 Badalona	2016	0,99
08015 Badalona	2015	-0,09
08015 Badalona	2014	-7,19
48013 Barakaldo	2023	8,7
48013 Barakaldo	2022	4,98
48013 Barakaldo	2021	-3,6
48013 Barakaldo	2020	-6,32
48013 Barakaldo	2019	5,98
48013 Barakaldo	2018	4,43
48013 Barakaldo	2017	1,22
48013 Barakaldo	2016	2,88
48013 Barakaldo	2015	-2,03
48013 Barakaldo	2014	1,48
08019 Barcelona	2023	18,1
08019 Barcelona	2022	24,96
08019 Barcelona	2021	-7,66
08019 Barcelona	2020	-22,25
08019 Barcelona	2019	16,61
08019 Barcelona	2018	10,08
08019 Barcelona	2017	-0,29
08019 Barcelona	2016	7,47
08019 Barcelona	2015	2,61
08019 Barcelona	2014	1,35
48015 Basauri	2023	-0,57
48015 Basauri	2022	3,49
48015 Basauri	2021	-7,05
48015 Basauri	2020	""
48015 Basauri	2019	""
48015 Basauri	2018	""
48015 Basauri	2017	""
48015 Basauri	2016	""
48015 Basauri	2015	""
48015 Basauri	2014	""
29025 Benalmádena	2023	21,94
29025 Benalmádena	2022	36,95
29025 Benalmádena	2021	43,48
29025 Benalmádena	2020	18,27
29025 Benalmádena	2019	14,8
29025 Benalmádena	2018	5,62
29025 Benalmádena	2017	-16,3
29025 Benalmádena	2016	23,72
29025 Benalmádena	2015	9,67
29025 Benalmádena	2014	-5,11
03031 Benidorm	2023	32,56
03031 Benidorm	2022	42,23
03031 Benidorm	2021	4,71
03031 Benidorm	2020	-22,62
03031 Benidorm	2019	24,85
03031 Benidorm	2018	17,07
03031 Benidorm	2017	10,82
03031 Benidorm	2016	2,83
03031 Benidorm	2015	-35,42
03031 Benidorm	2014	0,51
48020 Bilbao	2023	6,08
48020 Bilbao	2022	5,02
48020 Bilbao	2021	-6,51
48020 Bilbao	2020	-12,75
48020 Bilbao	2019	9,59
48020 Bilbao	2018	2,95
48020 Bilbao	2017	2,06
48020 Bilbao	2016	-0,03
48020 Bilbao	2015	-0,06
48020 Bilbao	2014	-4,14
28022 Boadilla del Monte	2023	13,72
28022 Boadilla del Monte	2022	31,59
28022 Boadilla del Monte	2021	59,61
28022 Boadilla del Monte	2020	39,16
28022 Boadilla del Monte	2019	38,88
28022 Boadilla del Monte	2018	36,27
28022 Boadilla del Monte	2017	22,35
28022 Boadilla del Monte	2016	""
28022 Boadilla del Monte	2015	""
28022 Boadilla del Monte	2014	""
09059 Burgos	2023	11,2
09059 Burgos	2022	7,98
09059 Burgos	2021	-5,51
09059 Burgos	2020	-12,92
09059 Burgos	2019	3,39
09059 Burgos	2018	-0,57
09059 Burgos	2017	1,7
09059 Burgos	2016	-5,59
09059 Burgos	2015	-2,78
09059 Burgos	2014	-3,81
10037 Cáceres	2023	2,63
10037 Cáceres	2022	8,19
10037 Cáceres	2021	-2,61
10037 Cáceres	2020	-6,21
10037 Cáceres	2019	1,34
10037 Cáceres	2018	0,6
10037 Cáceres	2017	1,57
10037 Cáceres	2016	1,07
10037 Cáceres	2015	2,06
10037 Cáceres	2014	-2,49
11012 Cádiz	2023	-8,04
11012 Cádiz	2022	-10,72
11012 Cádiz	2021	-10,16
11012 Cádiz	2020	-8,67
11012 Cádiz	2019	-5,08
11012 Cádiz	2018	-8,17
11012 Cádiz	2017	-9,1
11012 Cádiz	2016	-7,35
11012 Cádiz	2015	-12,94
11012 Cádiz	2014	-10,5
07011 Calvià	2023	6,15
07011 Calvià	2022	17,19
07011 Calvià	2021	14,42
07011 Calvià	2020	2,34
07011 Calvià	2019	22,51
07011 Calvià	2018	""
07011 Calvià	2017	""
07011 Calvià	2016	""
07011 Calvià	2015	""
07011 Calvià	2014	-0,7
30016 Cartagena	2023	4,75
30016 Cartagena	2022	5,86
30016 Cartagena	2021	5,06
30016 Cartagena	2020	-1,31
30016 Cartagena	2019	6,06
30016 Cartagena	2018	4,01
30016 Cartagena	2017	-1,09
30016 Cartagena	2016	-2,71
30016 Cartagena	2015	-7,15
30016 Cartagena	2014	-0,69
08056 Castelldefels	2023	12,64
08056 Castelldefels	2022	20,33
08056 Castelldefels	2021	1,29
08056 Castelldefels	2020	-8,84
08056 Castelldefels	2019	6,78
08056 Castelldefels	2018	9,43
08056 Castelldefels	2017	6,36
08056 Castelldefels	2016	16,23
08056 Castelldefels	2015	15,55
08056 Castelldefels	2014	10
12040 Castelló de la Plana	2023	22,18
12040 Castelló de la Plana	2022	22,45
12040 Castelló de la Plana	2021	-3,64
12040 Castelló de la Plana	2020	-9,38
12040 Castelló de la Plana	2019	14,66
12040 Castelló de la Plana	2018	4,9
12040 Castelló de la Plana	2017	8,17
12040 Castelló de la Plana	2016	-8,76
12040 Castelló de la Plana	2015	-3,96
12040 Castelló de la Plana	2014	-12,57
08266 Cerdanyola del Vallès	2023	1,37
08266 Cerdanyola del Vallès	2022	10,22
08266 Cerdanyola del Vallès	2021	-2,97
08266 Cerdanyola del Vallès	2020	-9,03
08266 Cerdanyola del Vallès	2019	7,84
08266 Cerdanyola del Vallès	2018	-5,85
08266 Cerdanyola del Vallès	2017	0,29
08266 Cerdanyola del Vallès	2016	3,12
08266 Cerdanyola del Vallès	2015	2,26
08266 Cerdanyola del Vallès	2014	0,19
51001 Ceuta	2023	1,53
51001 Ceuta	2022	-0,02
51001 Ceuta	2021	-12,17
51001 Ceuta	2020	-1,56
51001 Ceuta	2019	-6,81
51001 Ceuta	2018	-4,32
51001 Ceuta	2017	2,18
51001 Ceuta	2016	5,19
51001 Ceuta	2015	3,03
51001 Ceuta	2014	-8,27
11015 Chiclana de la Frontera	2023	11,59
11015 Chiclana de la Frontera	2022	14,22
11015 Chiclana de la Frontera	2021	12,27
11015 Chiclana de la Frontera	2020	15,15
11015 Chiclana de la Frontera	2019	7,79
11015 Chiclana de la Frontera	2018	7,82
11015 Chiclana de la Frontera	2017	8,18
11015 Chiclana de la Frontera	2016	6,07
11015 Chiclana de la Frontera	2015	-1,6
11015 Chiclana de la Frontera	2014	5,8
13034 Ciudad Real	2023	5,57
13034 Ciudad Real	2022	7,67
13034 Ciudad Real	2021	-5,37
13034 Ciudad Real	2020	-5,62
13034 Ciudad Real	2019	10,09
13034 Ciudad Real	2018	0,04
13034 Ciudad Real	2017	1,37
13034 Ciudad Real	2016	7,9
13034 Ciudad Real	2015	-5,02
13034 Ciudad Real	2014	-7,14
28047 Collado Villalba	2023	15,92
28047 Collado Villalba	2022	21,62
28047 Collado Villalba	2021	8,46
28047 Collado Villalba	2020	-1,26
28047 Collado Villalba	2019	10,92
28047 Collado Villalba	2018	9,55
28047 Collado Villalba	2017	14,73
28047 Collado Villalba	2016	8,97
28047 Collado Villalba	2015	-7,42
28047 Collado Villalba	2014	-8,52
28045 Colmenar Viejo	2023	31,76
28045 Colmenar Viejo	2022	32,91
28045 Colmenar Viejo	2021	16,09
28045 Colmenar Viejo	2020	10,1
28045 Colmenar Viejo	2019	23,1
28045 Colmenar Viejo	2018	25,02
28045 Colmenar Viejo	2017	""
28045 Colmenar Viejo	2016	""
28045 Colmenar Viejo	2015	""
28045 Colmenar Viejo	2014	""
14021 Córdoba	2023	1,49
14021 Córdoba	2022	7,5
14021 Córdoba	2021	-1,03
14021 Córdoba	2020	-11,45
14021 Córdoba	2019	1,04
14021 Córdoba	2018	-0,02
14021 Córdoba	2017	-0,64
14021 Córdoba	2016	-2,12
14021 Córdoba	2015	-2,3
14021 Córdoba	2014	-2,07
08073 Cornellà de Llobregat	2023	12,36
08073 Cornellà de Llobregat	2022	12,71
08073 Cornellà de Llobregat	2021	-2,47
08073 Cornellà de Llobregat	2020	-8,69
08073 Cornellà de Llobregat	2019	15,06
08073 Cornellà de Llobregat	2018	16,15
08073 Cornellà de Llobregat	2017	6,48
08073 Cornellà de Llobregat	2016	6,23
08073 Cornellà de Llobregat	2015	-3,53
08073 Cornellà de Llobregat	2014	1,65
15030 Coruña, A	2023	7,67
15030 Coruña, A	2022	11,84
15030 Coruña, A	2021	-4,5
15030 Coruña, A	2020	-8,37
15030 Coruña, A	2019	7,67
15030 Coruña, A	2018	3,51
15030 Coruña, A	2017	3,07
15030 Coruña, A	2016	0,5
15030 Coruña, A	2015	0,44
15030 Coruña, A	2014	-3,85
28049 Coslada	2023	6,74
28049 Coslada	2022	-5,38
28049 Coslada	2021	-10
28049 Coslada	2020	-0,04
28049 Coslada	2019	-3,31
28049 Coslada	2018	-2,43
28049 Coslada	2017	-13,96
28049 Coslada	2016	-18,17
28049 Coslada	2015	-27,83
28049 Coslada	2014	-21,94
16078 Cuenca	2023	0,24
16078 Cuenca	2022	-2,38
16078 Cuenca	2021	-7,95
16078 Cuenca	2020	-7,98
16078 Cuenca	2019	-1,26
16078 Cuenca	2018	-3,8
16078 Cuenca	2017	0,4
16078 Cuenca	2016	-4,11
16078 Cuenca	2015	-5,9
16078 Cuenca	2014	-5,58
20069 Donostia/San Sebastián	2023	1,86
20069 Donostia/San Sebastián	2022	4,09
20069 Donostia/San Sebastián	2021	-2,79
20069 Donostia/San Sebastián	2020	-1,85
20069 Donostia/San Sebastián	2019	4,39
20069 Donostia/San Sebastián	2018	4,01
20069 Donostia/San Sebastián	2017	1,58
20069 Donostia/San Sebastián	2016	1,64
20069 Donostia/San Sebastián	2015	-0,17
20069 Donostia/San Sebastián	2014	-0,17
41038 Dos Hermanas	2023	10,53
41038 Dos Hermanas	2022	10,31
41038 Dos Hermanas	2021	9,27
41038 Dos Hermanas	2020	9,18
41038 Dos Hermanas	2019	8,04
41038 Dos Hermanas	2018	5,99
41038 Dos Hermanas	2017	4,64
41038 Dos Hermanas	2016	5,26
41038 Dos Hermanas	2015	4,09
41038 Dos Hermanas	2014	7,25
07026 Eivissa	2023	25,8
07026 Eivissa	2022	23,7
07026 Eivissa	2021	1,8
07026 Eivissa	2020	-11,05
07026 Eivissa	2019	26,66
07026 Eivissa	2018	""
07026 Eivissa	2017	""
07026 Eivissa	2016	""
07026 Eivissa	2015	""
07026 Eivissa	2014	""
04902 Ejido, El	2023	0,79
04902 Ejido, El	2022	21,57
04902 Ejido, El	2021	48,87
04902 Ejido, El	2020	-5,36
04902 Ejido, El	2019	1,96
04902 Ejido, El	2018	-13,26
04902 Ejido, El	2017	-39,19
04902 Ejido, El	2016	-7,42
04902 Ejido, El	2015	31,95
04902 Ejido, El	2014	21,36
03066 Elda	2023	16,59
03066 Elda	2022	13,53
03066 Elda	2021	-4,86
03066 Elda	2020	-4,42
03066 Elda	2019	3,7
03066 Elda	2018	4,08
03066 Elda	2017	-4,11
03066 Elda	2016	-2,37
03066 Elda	2015	-9,49
03066 Elda	2014	-5,47
03065 Elx/Elche	2023	16,78
03065 Elx/Elche	2022	8,26
03065 Elx/Elche	2021	3,22
03065 Elx/Elche	2020	3,41
03065 Elx/Elche	2019	9,62
03065 Elx/Elche	2018	8,17
03065 Elx/Elche	2017	8,49
03065 Elx/Elche	2016	4,45
03065 Elx/Elche	2015	1,53
03065 Elx/Elche	2014	-5,86
29051 Estepona	2023	19,56
29051 Estepona	2022	44,69
29051 Estepona	2021	27,55
29051 Estepona	2020	20,69
29051 Estepona	2019	28,04
29051 Estepona	2018	18,83
29051 Estepona	2017	2,23
29051 Estepona	2016	2,7
29051 Estepona	2015	-5,94
29051 Estepona	2014	7,69
15036 Ferrol	2023	5,5
15036 Ferrol	2022	-3,79
15036 Ferrol	2021	-10,53
15036 Ferrol	2020	-9,69
15036 Ferrol	2019	-7,67
15036 Ferrol	2018	-11,05
15036 Ferrol	2017	-11,46
15036 Ferrol	2016	-10,88
15036 Ferrol	2015	-16,61
15036 Ferrol	2014	-13,4
29054 Fuengirola	2023	5,97
29054 Fuengirola	2022	28,79
29054 Fuengirola	2021	8,9
29054 Fuengirola	2020	-10,31
29054 Fuengirola	2019	30,99
29054 Fuengirola	2018	63,11
29054 Fuengirola	2017	6,21
29054 Fuengirola	2016	-33,55
29054 Fuengirola	2015	-0,5
29054 Fuengirola	2014	21,76
28058 Fuenlabrada	2023	6,37
28058 Fuenlabrada	2022	-4,89
28058 Fuenlabrada	2021	-12,52
28058 Fuenlabrada	2020	-9,83
28058 Fuenlabrada	2019	4,19
28058 Fuenlabrada	2018	0,59
28058 Fuenlabrada	2017	-5,58
28058 Fuenlabrada	2016	2,56
28058 Fuenlabrada	2015	-5,18
28058 Fuenlabrada	2014	-3,5
46131 Gandia	2023	26,41
46131 Gandia	2022	24,77
46131 Gandia	2021	4,09
46131 Gandia	2020	-1,29
46131 Gandia	2019	16,44
46131 Gandia	2018	9,88
46131 Gandia	2017	-3,95
46131 Gandia	2016	-9,31
46131 Gandia	2015	-9,31
46131 Gandia	2014	-12,93
28065 Getafe	2023	21,29
28065 Getafe	2022	12,91
28065 Getafe	2021	6,76
28065 Getafe	2020	-7,09
28065 Getafe	2019	9,8
28065 Getafe	2018	14,43
28065 Getafe	2017	13,7
28065 Getafe	2016	9,18
28065 Getafe	2015	9,89
28065 Getafe	2014	10,71
48044 Getxo	2023	-1,86
48044 Getxo	2022	-3,06
48044 Getxo	2021	-7,42
48044 Getxo	2020	-8,64
48044 Getxo	2019	-2,26
48044 Getxo	2018	-4,22
48044 Getxo	2017	-1,66
48044 Getxo	2016	-1,89
48044 Getxo	2015	-3,71
48044 Getxo	2014	-8,81
33024 Gijón	2023	4,71
33024 Gijón	2022	2,82
33024 Gijón	2021	-4,17
33024 Gijón	2020	-8,89
33024 Gijón	2019	-0,23
33024 Gijón	2018	-0,23
33024 Gijón	2017	-1,92
33024 Gijón	2016	-3,87
33024 Gijón	2015	-3,17
33024 Gijón	2014	-5,25
17079 Girona	2023	23,16
17079 Girona	2022	22,44
17079 Girona	2021	0,8
17079 Girona	2020	-16,79
17079 Girona	2019	14,78
17079 Girona	2018	15,69
17079 Girona	2017	12,58
17079 Girona	2016	7,68
17079 Girona	2015	6,83
17079 Girona	2014	3,69
18087 Granada	2023	5,52
18087 Granada	2022	6,87
18087 Granada	2021	-13,03
18087 Granada	2020	0,14
18087 Granada	2019	5,09
18087 Granada	2018	1,09
18087 Granada	2017	-2,42
18087 Granada	2016	-8,5
18087 Granada	2015	-4,43
18087 Granada	2014	-7,35
38017 Granadilla de Abona	2023	37,81
38017 Granadilla de Abona	2022	47,89
38017 Granadilla de Abona	2021	9,65
38017 Granadilla de Abona	2020	22,54
38017 Granadilla de Abona	2019	21,44
38017 Granadilla de Abona	2018	""
38017 Granadilla de Abona	2017	""
38017 Granadilla de Abona	2016	""
38017 Granadilla de Abona	2015	""
38017 Granadilla de Abona	2014	""
08096 Granollers	2023	14,93
08096 Granollers	2022	20,61
08096 Granollers	2021	-7,42
08096 Granollers	2020	-4,72
08096 Granollers	2019	18,5
08096 Granollers	2018	4,81
08096 Granollers	2017	4,7
08096 Granollers	2016	8,62
08096 Granollers	2015	1,21
08096 Granollers	2014	2,85
19130 Guadalajara	2023	22,16
19130 Guadalajara	2022	18,98
19130 Guadalajara	2021	3,09
19130 Guadalajara	2020	-6,17
19130 Guadalajara	2019	18,61
19130 Guadalajara	2018	11,25
19130 Guadalajara	2017	9,05
19130 Guadalajara	2016	6,1
19130 Guadalajara	2015	2,9
19130 Guadalajara	2014	-3,94
08101 Hospitalet de Llobregat, L'	2023	20,33
08101 Hospitalet de Llobregat, L'	2022	34,44
08101 Hospitalet de Llobregat, L'	2021	8,45
08101 Hospitalet de Llobregat, L'	2020	-16,39
08101 Hospitalet de Llobregat, L'	2019	16,69
08101 Hospitalet de Llobregat, L'	2018	14,66
08101 Hospitalet de Llobregat, L'	2017	14,35
08101 Hospitalet de Llobregat, L'	2016	9,94
08101 Hospitalet de Llobregat, L'	2015	10,39
08101 Hospitalet de Llobregat, L'	2014	-5,33
21041 Huelva	2023	3,9
21041 Huelva	2022	5,74
21041 Huelva	2021	-3,64
21041 Huelva	2020	-8,16
21041 Huelva	2019	1,21
21041 Huelva	2018	-4,13
21041 Huelva	2017	-5,92
21041 Huelva	2016	-2,43
21041 Huelva	2015	-5,83
21041 Huelva	2014	-6,09
22125 Huesca	2023	13,37
22125 Huesca	2022	13,51
22125 Huesca	2021	-3,06
22125 Huesca	2020	-10,79
22125 Huesca	2019	15,39
22125 Huesca	2018	12,67
22125 Huesca	2017	4,59
22125 Huesca	2016	-1,13
22125 Huesca	2015	0,82
22125 Huesca	2014	-6,03
20045 Irun	2023	7,06
20045 Irun	2022	7,3
20045 Irun	2021	-8,01
20045 Irun	2020	-0,19
20045 Irun	2019	8,12
20045 Irun	2018	6,72
20045 Irun	2017	2,07
20045 Irun	2016	4
20045 Irun	2015	2,06
20045 Irun	2014	4,66
23050 Jaén	2023	1,59
23050 Jaén	2022	1,79
23050 Jaén	2021	-3,11
23050 Jaén	2020	-7,5
23050 Jaén	2019	-2,14
23050 Jaén	2018	-4,04
23050 Jaén	2017	-6,86
23050 Jaén	2016	-3,67
23050 Jaén	2015	-6,41
23050 Jaén	2014	-3,82
11020 Jerez de la Frontera	2023	2,56
11020 Jerez de la Frontera	2022	3,36
11020 Jerez de la Frontera	2021	-0,19
11020 Jerez de la Frontera	2020	2,4
11020 Jerez de la Frontera	2019	1,67
11020 Jerez de la Frontera	2018	-0,61
11020 Jerez de la Frontera	2017	-0,17
11020 Jerez de la Frontera	2016	0,4
11020 Jerez de la Frontera	2015	-0,22
11020 Jerez de la Frontera	2014	3,06
28074 Leganés	2023	15,38
28074 Leganés	2022	15,05
28074 Leganés	2021	-3
28074 Leganés	2020	-12,78
28074 Leganés	2019	6,58
28074 Leganés	2018	7,59
28074 Leganés	2017	3,75
28074 Leganés	2016	2,92
28074 Leganés	2015	1,42
28074 Leganés	2014	1,13
24089 León	2023	9,02
24089 León	2022	3,17
24089 León	2021	-8,37
24089 León	2020	-13,23
24089 León	2019	-2,21
24089 León	2018	-3,77
24089 León	2017	-4,36
24089 León	2016	-6,96
24089 León	2015	-12,79
24089 León	2014	-13,47
23055 Linares	2023	3,13
23055 Linares	2022	-11,52
23055 Linares	2021	-13,46
23055 Linares	2020	-14,54
23055 Linares	2019	-1,06
23055 Linares	2018	-6,89
23055 Linares	2017	-10,98
23055 Linares	2016	-6,48
23055 Linares	2015	-15,32
23055 Linares	2014	-9,21
11022 Línea de la Concepción, La	2023	3,82
11022 Línea de la Concepción, La	2022	5,59
11022 Línea de la Concepción, La	2021	2,11
11022 Línea de la Concepción, La	2020	9,57
11022 Línea de la Concepción, La	2019	7,62
11022 Línea de la Concepción, La	2018	3,28
11022 Línea de la Concepción, La	2017	-3,27
11022 Línea de la Concepción, La	2016	-2,09
11022 Línea de la Concepción, La	2015	-1,17
11022 Línea de la Concepción, La	2014	3,48
25120 Lleida	2023	13,12
25120 Lleida	2022	24,49
25120 Lleida	2021	4,29
25120 Lleida	2020	-10,52
25120 Lleida	2019	10,36
25120 Lleida	2018	7,95
25120 Lleida	2017	3,84
25120 Lleida	2016	-5,93
25120 Lleida	2015	-2,88
25120 Lleida	2014	-4,57
26089 Logroño	2023	4,25
26089 Logroño	2022	4,18
26089 Logroño	2021	-6,78
26089 Logroño	2020	-12,47
26089 Logroño	2019	8,89
26089 Logroño	2018	0,15
26089 Logroño	2017	0,89
26089 Logroño	2016	0,68
26089 Logroño	2015	-3,1
26089 Logroño	2014	-4,08
30024 Lorca	2023	-1,38
30024 Lorca	2022	12,84
30024 Lorca	2021	9,66
30024 Lorca	2020	2,21
30024 Lorca	2019	11,7
30024 Lorca	2018	14,13
30024 Lorca	2017	8,42
30024 Lorca	2016	6,18
30024 Lorca	2015	0,17
30024 Lorca	2014	-0,49
27028 Lugo	2023	11,91
27028 Lugo	2022	10,31
27028 Lugo	2021	-3,41
27028 Lugo	2020	-10,25
27028 Lugo	2019	2,47
27028 Lugo	2018	2,56
27028 Lugo	2017	0,31
27028 Lugo	2016	-2,78
27028 Lugo	2015	1,36
27028 Lugo	2014	-4,33
28079 Madrid	2023	24,32
28079 Madrid	2022	22,14
28079 Madrid	2021	-3,18
28079 Madrid	2020	-17,33
28079 Madrid	2019	20,79
28079 Madrid	2018	13,19
28079 Madrid	2017	12,6
28079 Madrid	2016	5,49
28079 Madrid	2015	7,47
28079 Madrid	2014	-7,37
28080 Majadahonda	2023	9,76
28080 Majadahonda	2022	6,03
28080 Majadahonda	2021	3,07
28080 Majadahonda	2020	0,25
28080 Majadahonda	2019	4,57
28080 Majadahonda	2018	0,57
28080 Majadahonda	2017	6,79
28080 Majadahonda	2016	7,66
28080 Majadahonda	2015	-0,64
28080 Majadahonda	2014	6,25
29067 Málaga	2023	8,95
29067 Málaga	2022	14,75
29067 Málaga	2021	0,71
29067 Málaga	2020	-0,69
29067 Málaga	2019	6,6
29067 Málaga	2018	6,33
29067 Málaga	2017	3,55
29067 Málaga	2016	-0,01
29067 Málaga	2015	-0,21
29067 Málaga	2014	3,9
08113 Manresa	2023	14,74
08113 Manresa	2022	19,37
08113 Manresa	2021	-11,37
08113 Manresa	2020	-3,85
08113 Manresa	2019	6,81
08113 Manresa	2018	19,02
08113 Manresa	2017	14,5
08113 Manresa	2016	5,34
08113 Manresa	2015	1,3
08113 Manresa	2014	-8,56
29069 Marbella	2023	18,41
29069 Marbella	2022	38,03
29069 Marbella	2021	8,64
29069 Marbella	2020	9,43
29069 Marbella	2019	29,19
29069 Marbella	2018	13,5
29069 Marbella	2017	2,06
29069 Marbella	2016	3,04
29069 Marbella	2015	8,61
29069 Marbella	2014	6,17
08121 Mataró	2023	9,78
08121 Mataró	2022	9,2
08121 Mataró	2021	-10,25
08121 Mataró	2020	0,68
08121 Mataró	2019	10,82
08121 Mataró	2018	10,01
08121 Mataró	2017	6,8
08121 Mataró	2016	4,85
08121 Mataró	2015	5,19
08121 Mataró	2014	4,71
52001 Melilla	2023	5,74
52001 Melilla	2022	6,58
52001 Melilla	2021	-17,71
52001 Melilla	2020	-7,22
52001 Melilla	2019	6,79
52001 Melilla	2018	1,19
52001 Melilla	2017	3,06
52001 Melilla	2016	1,09
52001 Melilla	2015	5,15
52001 Melilla	2014	12,64
06083 Mérida	2023	5,54
06083 Mérida	2022	3,13
06083 Mérida	2021	-4,2
06083 Mérida	2020	1,33
06083 Mérida	2019	3,58
06083 Mérida	2018	-0,29
06083 Mérida	2017	2,78
06083 Mérida	2016	0,22
06083 Mérida	2015	3,44
06083 Mérida	2014	-0,24
29070 Mijas	2023	15,83
29070 Mijas	2022	27,34
29070 Mijas	2021	20,12
29070 Mijas	2020	13,48
29070 Mijas	2019	31,58
29070 Mijas	2018	25,86
29070 Mijas	2017	44,1
29070 Mijas	2016	-7,98
29070 Mijas	2015	-21,8
29070 Mijas	2014	24,99
30027 Molina de Segura	2023	14
30027 Molina de Segura	2022	19,73
30027 Molina de Segura	2021	11,67
30027 Molina de Segura	2020	6,79
30027 Molina de Segura	2019	16,62
30027 Molina de Segura	2018	12,96
30027 Molina de Segura	2017	8,78
30027 Molina de Segura	2016	10,43
30027 Molina de Segura	2015	4,07
30027 Molina de Segura	2014	8,05
08124 Mollet del Vallès	2023	6,81
08124 Mollet del Vallès	2022	12,48
08124 Mollet del Vallès	2021	-1,53
08124 Mollet del Vallès	2020	-9,17
08124 Mollet del Vallès	2019	5,48
08124 Mollet del Vallès	2018	3,61
08124 Mollet del Vallès	2017	0,1
08124 Mollet del Vallès	2016	-7,07
08124 Mollet del Vallès	2015	-3,08
08124 Mollet del Vallès	2014	-1,34
28092 Móstoles	2023	12,63
28092 Móstoles	2022	9,83
28092 Móstoles	2021	-0,48
28092 Móstoles	2020	-8,01
28092 Móstoles	2019	5,36
28092 Móstoles	2018	10,04
28092 Móstoles	2017	2,45
28092 Móstoles	2016	4,73
28092 Móstoles	2015	-3,15
28092 Móstoles	2014	2,67
18140 Motril	2023	11,22
18140 Motril	2022	2,72
18140 Motril	2021	5,35
18140 Motril	2020	4,49
18140 Motril	2019	7,55
18140 Motril	2018	-43,37
18140 Motril	2017	2,84
18140 Motril	2016	0,86
18140 Motril	2015	-6,75
18140 Motril	2014	-1,53
30030 Murcia	2023	9,54
30030 Murcia	2022	14,75
30030 Murcia	2021	1,91
30030 Murcia	2020	0,82
30030 Murcia	2019	13,47
30030 Murcia	2018	13,5
30030 Murcia	2017	8,85
30030 Murcia	2016	5,07
30030 Murcia	2015	2,53
30030 Murcia	2014	0,4
03099 Orihuela	2023	11,14
03099 Orihuela	2022	23,26
03099 Orihuela	2021	25,71
03099 Orihuela	2020	-0,24
03099 Orihuela	2019	13,99
03099 Orihuela	2018	8,25
03099 Orihuela	2017	8,91
03099 Orihuela	2016	-54,48
03099 Orihuela	2015	-28,41
03099 Orihuela	2014	-8,93
32054 Ourense	2023	5,15
32054 Ourense	2022	4,24
32054 Ourense	2021	-7,99
32054 Ourense	2020	-10,13
32054 Ourense	2019	3,89
32054 Ourense	2018	-2,58
32054 Ourense	2017	-1,24
32054 Ourense	2016	-2,43
32054 Ourense	2015	-3,19
32054 Ourense	2014	-6,32
33044 Oviedo	2023	12,15
33044 Oviedo	2022	12,41
33044 Oviedo	2021	-11,47
33044 Oviedo	2020	-12,57
33044 Oviedo	2019	1,02
33044 Oviedo	2018	-1,52
33044 Oviedo	2017	-1,28
33044 Oviedo	2016	-1,21
33044 Oviedo	2015	-5,89
33044 Oviedo	2014	-8,5
34120 Palencia	2023	4,08
34120 Palencia	2022	0,71
34120 Palencia	2021	-11,4
34120 Palencia	2020	-13,63
34120 Palencia	2019	-3,42
34120 Palencia	2018	-2,76
34120 Palencia	2017	-3,34
34120 Palencia	2016	-3,1
34120 Palencia	2015	-5,77
34120 Palencia	2014	-7,3
07040 Palma	2023	17,48
07040 Palma	2022	20,43
07040 Palma	2021	-6,86
07040 Palma	2020	5,31
07040 Palma	2019	15,55
07040 Palma	2018	15,51
07040 Palma	2017	7,77
07040 Palma	2016	8,75
07040 Palma	2015	5,9
07040 Palma	2014	3,71
35016 Palmas de Gran Canaria, Las	2023	6,94
35016 Palmas de Gran Canaria, Las	2022	-0,81
35016 Palmas de Gran Canaria, Las	2021	1,33
35016 Palmas de Gran Canaria, Las	2020	-1,46
35016 Palmas de Gran Canaria, Las	2019	3,41
35016 Palmas de Gran Canaria, Las	2018	3,71
35016 Palmas de Gran Canaria, Las	2017	2,29
35016 Palmas de Gran Canaria, Las	2016	-3,56
35016 Palmas de Gran Canaria, Las	2015	-2,02
35016 Palmas de Gran Canaria, Las	2014	-6,61
31201 Pamplona/Iruña	2023	9,7
31201 Pamplona/Iruña	2022	11,65
31201 Pamplona/Iruña	2021	1,22
31201 Pamplona/Iruña	2020	-1,71
31201 Pamplona/Iruña	2019	11,3
31201 Pamplona/Iruña	2018	12,91
31201 Pamplona/Iruña	2017	9,73
31201 Pamplona/Iruña	2016	7,58
31201 Pamplona/Iruña	2015	-1,04
31201 Pamplona/Iruña	2014	-1,6
28106 Parla	2023	15,2
28106 Parla	2022	19,93
28106 Parla	2021	-2,52
28106 Parla	2020	-22,21
28106 Parla	2019	25,48
28106 Parla	2018	14,46
28106 Parla	2017	18,56
28106 Parla	2016	9,87
28106 Parla	2015	-3,16
28106 Parla	2014	-2,13
46190 Paterna	2023	15,5
46190 Paterna	2022	21,87
46190 Paterna	2021	6,25
46190 Paterna	2020	4,12
46190 Paterna	2019	11,9
46190 Paterna	2018	14,91
46190 Paterna	2017	8,85
46190 Paterna	2016	10,16
46190 Paterna	2015	7,6
46190 Paterna	2014	2,74
28113 Pinto	2023	14,59
28113 Pinto	2022	18,82
28113 Pinto	2021	9,72
28113 Pinto	2020	5,61
28113 Pinto	2019	15,1
28113 Pinto	2018	18,93
28113 Pinto	2017	21,55
28113 Pinto	2016	""
28113 Pinto	2015	""
28113 Pinto	2014	""
24115 Ponferrada	2023	0,25
24115 Ponferrada	2022	-1,3
24115 Ponferrada	2021	-11,3
24115 Ponferrada	2020	-12,01
24115 Ponferrada	2019	-2,55
24115 Ponferrada	2018	-8,7
24115 Ponferrada	2017	-8,38
24115 Ponferrada	2016	-9,97
24115 Ponferrada	2015	-6,56
24115 Ponferrada	2014	-7,2
36038 Pontevedra	2023	6,2
36038 Pontevedra	2022	-1,2
36038 Pontevedra	2021	-6,63
36038 Pontevedra	2020	-0,23
36038 Pontevedra	2019	2,78
36038 Pontevedra	2018	2,74
36038 Pontevedra	2017	1,58
36038 Pontevedra	2016	1,48
36038 Pontevedra	2015	0,12
36038 Pontevedra	2014	-4,92
28115 Pozuelo de Alarcón	2023	6,97
28115 Pozuelo de Alarcón	2022	9,89
28115 Pozuelo de Alarcón	2021	6,33
28115 Pozuelo de Alarcón	2020	-0,98
28115 Pozuelo de Alarcón	2019	8,56
28115 Pozuelo de Alarcón	2018	2,9
28115 Pozuelo de Alarcón	2017	6,6
28115 Pozuelo de Alarcón	2016	7,22
28115 Pozuelo de Alarcón	2015	5,08
28115 Pozuelo de Alarcón	2014	2,34
08169 Prat de Llobregat, El	2023	7,63
08169 Prat de Llobregat, El	2022	8,09
08169 Prat de Llobregat, El	2021	-8,21
08169 Prat de Llobregat, El	2020	0,49
08169 Prat de Llobregat, El	2019	12,09
08169 Prat de Llobregat, El	2018	7,26
08169 Prat de Llobregat, El	2017	3,67
08169 Prat de Llobregat, El	2016	6,91
08169 Prat de Llobregat, El	2015	7,01
08169 Prat de Llobregat, El	2014	2,35
11027 Puerto de Santa María, El	2023	2,5
11027 Puerto de Santa María, El	2022	4,16
11027 Puerto de Santa María, El	2021	8,51
11027 Puerto de Santa María, El	2020	4,04
11027 Puerto de Santa María, El	2019	3,37
11027 Puerto de Santa María, El	2018	0,46
11027 Puerto de Santa María, El	2017	-0,75
11027 Puerto de Santa María, El	2016	2,79
11027 Puerto de Santa María, El	2015	-1,71
11027 Puerto de Santa María, El	2014	-4,12
13071 Puertollano	2023	2,1
13071 Puertollano	2022	-8,34
13071 Puertollano	2021	-11,03
13071 Puertollano	2020	""
13071 Puertollano	2019	""
13071 Puertollano	2018	""
13071 Puertollano	2017	""
13071 Puertollano	2016	""
13071 Puertollano	2015	""
13071 Puertollano	2014	-11,39
43123 Reus	2023	13,05
43123 Reus	2022	16,16
43123 Reus	2021	7,65
43123 Reus	2020	-1,76
43123 Reus	2019	17,05
43123 Reus	2018	8,62
43123 Reus	2017	3,43
43123 Reus	2016	-4,76
43123 Reus	2015	4,07
43123 Reus	2014	-16,99
29082 Rincón de la Victoria	2023	14,09
29082 Rincón de la Victoria	2022	16,13
29082 Rincón de la Victoria	2021	11,49
29082 Rincón de la Victoria	2020	""
29082 Rincón de la Victoria	2019	""
29082 Rincón de la Victoria	2018	""
29082 Rincón de la Victoria	2017	""
29082 Rincón de la Victoria	2016	""
29082 Rincón de la Victoria	2015	""
29082 Rincón de la Victoria	2014	""
28123 Rivas-Vaciamadrid	2023	15,71
28123 Rivas-Vaciamadrid	2022	34,51
28123 Rivas-Vaciamadrid	2021	35,67
28123 Rivas-Vaciamadrid	2020	24,96
28123 Rivas-Vaciamadrid	2019	31,52
28123 Rivas-Vaciamadrid	2018	25,94
28123 Rivas-Vaciamadrid	2017	25,06
28123 Rivas-Vaciamadrid	2016	12,64
28123 Rivas-Vaciamadrid	2015	15,13
28123 Rivas-Vaciamadrid	2014	12,23
04079 Roquetas de Mar	2023	22,98
04079 Roquetas de Mar	2022	30,92
04079 Roquetas de Mar	2021	42,76
04079 Roquetas de Mar	2020	-0,7
04079 Roquetas de Mar	2019	16,73
04079 Roquetas de Mar	2018	19,56
04079 Roquetas de Mar	2017	16,59
04079 Roquetas de Mar	2016	15,09
04079 Roquetas de Mar	2015	14,7
04079 Roquetas de Mar	2014	-11,62
28127 Rozas de Madrid, Las	2023	5,78
28127 Rozas de Madrid, Las	2022	24,75
28127 Rozas de Madrid, Las	2021	9,57
28127 Rozas de Madrid, Las	2020	-8,56
28127 Rozas de Madrid, Las	2019	3,12
28127 Rozas de Madrid, Las	2018	2,76
28127 Rozas de Madrid, Las	2017	5,03
28127 Rozas de Madrid, Las	2016	6,33
28127 Rozas de Madrid, Las	2015	10,12
28127 Rozas de Madrid, Las	2014	7,9
08184 Rubí	2023	18,43
08184 Rubí	2022	13,73
08184 Rubí	2021	6,07
08184 Rubí	2020	-1,6
08184 Rubí	2019	14,44
08184 Rubí	2018	13,53
08184 Rubí	2017	11,25
08184 Rubí	2016	5,32
08184 Rubí	2015	8,43
08184 Rubí	2014	2,46
08187 Sabadell	2023	16,36
08187 Sabadell	2022	13,51
08187 Sabadell	2021	-7,95
08187 Sabadell	2020	1,1
08187 Sabadell	2019	13,37
08187 Sabadell	2018	8,98
08187 Sabadell	2017	8,55
08187 Sabadell	2016	8,06
08187 Sabadell	2015	2,08
08187 Sabadell	2014	1,78
46220 Sagunt/Sagunto	2023	17,86
46220 Sagunt/Sagunto	2022	30,01
46220 Sagunt/Sagunto	2021	15,86
46220 Sagunt/Sagunto	2020	2,28
46220 Sagunt/Sagunto	2019	15,5
46220 Sagunt/Sagunto	2018	7,15
46220 Sagunt/Sagunto	2017	5,97
46220 Sagunt/Sagunto	2016	12,94
46220 Sagunt/Sagunto	2015	-7,81
46220 Sagunt/Sagunto	2014	-0,91
37274 Salamanca	2023	5,5
37274 Salamanca	2022	7,55
37274 Salamanca	2021	-6,73
37274 Salamanca	2020	-8,85
37274 Salamanca	2019	4,13
37274 Salamanca	2018	1,73
37274 Salamanca	2017	-3,18
37274 Salamanca	2016	-3,55
37274 Salamanca	2015	-10,22
37274 Salamanca	2014	-10,89
35019 San Bartolomé de Tirajana	2023	5,62
35019 San Bartolomé de Tirajana	2022	6,61
35019 San Bartolomé de Tirajana	2021	16,32
35019 San Bartolomé de Tirajana	2020	0,6
35019 San Bartolomé de Tirajana	2019	-0,86
35019 San Bartolomé de Tirajana	2018	-2,71
35019 San Bartolomé de Tirajana	2017	0,86
35019 San Bartolomé de Tirajana	2016	-5,35
35019 San Bartolomé de Tirajana	2015	-20,28
35019 San Bartolomé de Tirajana	2014	10,15
38023 San Cristóbal de La Laguna	2023	7,98
38023 San Cristóbal de La Laguna	2022	9,89
38023 San Cristóbal de La Laguna	2021	-0,71
38023 San Cristóbal de La Laguna	2020	-5,01
38023 San Cristóbal de La Laguna	2019	8,9
38023 San Cristóbal de La Laguna	2018	12,48
38023 San Cristóbal de La Laguna	2017	12,25
38023 San Cristóbal de La Laguna	2016	3,55
38023 San Cristóbal de La Laguna	2015	1,75
38023 San Cristóbal de La Laguna	2014	-1,09
11031 San Fernando	2023	-2,97
11031 San Fernando	2022	-1,84
11031 San Fernando	2021	-7,47
11031 San Fernando	2020	-0,52
11031 San Fernando	2019	0,23
11031 San Fernando	2018	-2,05
11031 San Fernando	2017	-4,92
11031 San Fernando	2016	-3,19
11031 San Fernando	2015	-1,9
11031 San Fernando	2014	-2,12
28134 San Sebastián de los Reyes	2023	26,95
28134 San Sebastián de los Reyes	2022	15,69
28134 San Sebastián de los Reyes	2021	0,22
28134 San Sebastián de los Reyes	2020	-2,92
28134 San Sebastián de los Reyes	2019	21,58
28134 San Sebastián de los Reyes	2018	17,54
28134 San Sebastián de los Reyes	2017	11,66
28134 San Sebastián de los Reyes	2016	5,79
28134 San Sebastián de los Reyes	2015	14,75
28134 San Sebastián de los Reyes	2014	19,19
11032 Sanlúcar de Barrameda	2023	0,97
11032 Sanlúcar de Barrameda	2022	1,06
11032 Sanlúcar de Barrameda	2021	2,22
11032 Sanlúcar de Barrameda	2020	5,55
11032 Sanlúcar de Barrameda	2019	7,56
11032 Sanlúcar de Barrameda	2018	9,46
11032 Sanlúcar de Barrameda	2017	5,85
11032 Sanlúcar de Barrameda	2016	0,3
11032 Sanlúcar de Barrameda	2015	2,77
11032 Sanlúcar de Barrameda	2014	0,71
08200 Sant Boi de Llobregat	2023	10,95
08200 Sant Boi de Llobregat	2022	6,33
08200 Sant Boi de Llobregat	2021	-5,78
08200 Sant Boi de Llobregat	2020	-10,46
08200 Sant Boi de Llobregat	2019	10,65
08200 Sant Boi de Llobregat	2018	8,42
08200 Sant Boi de Llobregat	2017	9,23
08200 Sant Boi de Llobregat	2016	-3,16
08200 Sant Boi de Llobregat	2015	2,52
08200 Sant Boi de Llobregat	2014	-11,03
08205 Sant Cugat del Vallès	2023	10,91
08205 Sant Cugat del Vallès	2022	17,53
08205 Sant Cugat del Vallès	2021	20,5
08205 Sant Cugat del Vallès	2020	10,27
08205 Sant Cugat del Vallès	2019	21,43
08205 Sant Cugat del Vallès	2018	3,77
08205 Sant Cugat del Vallès	2017	12,74
08205 Sant Cugat del Vallès	2016	6,67
08205 Sant Cugat del Vallès	2015	12,35
08205 Sant Cugat del Vallès	2014	8,14
03122 Sant Vicent del Raspeig/San Vicente del Raspeig	2023	7,49
03122 Sant Vicent del Raspeig/San Vicente del Raspeig	2022	11,84
03122 Sant Vicent del Raspeig/San Vicente del Raspeig	2021	5,64
03122 Sant Vicent del Raspeig/San Vicente del Raspeig	2020	-0,9
03122 Sant Vicent del Raspeig/San Vicente del Raspeig	2019	10,11
03122 Sant Vicent del Raspeig/San Vicente del Raspeig	2018	10,33
03122 Sant Vicent del Raspeig/San Vicente del Raspeig	2017	10,61
03122 Sant Vicent del Raspeig/San Vicente del Raspeig	2016	8,08
03122 Sant Vicent del Raspeig/San Vicente del Raspeig	2015	7,31
03122 Sant Vicent del Raspeig/San Vicente del Raspeig	2014	6,34
08245 Santa Coloma de Gramenet	2023	14,23
08245 Santa Coloma de Gramenet	2022	15,22
08245 Santa Coloma de Gramenet	2021	-9,28
08245 Santa Coloma de Gramenet	2020	-16,36
08245 Santa Coloma de Gramenet	2019	10,25
08245 Santa Coloma de Gramenet	2018	3,31
08245 Santa Coloma de Gramenet	2017	10,35
08245 Santa Coloma de Gramenet	2016	3,78
08245 Santa Coloma de Gramenet	2015	1,73
08245 Santa Coloma de Gramenet	2014	-15,17
38038 Santa Cruz de Tenerife	2023	7,53
38038 Santa Cruz de Tenerife	2022	4,08
38038 Santa Cruz de Tenerife	2021	-0,23
38038 Santa Cruz de Tenerife	2020	-5,23
38038 Santa Cruz de Tenerife	2019	9,04
38038 Santa Cruz de Tenerife	2018	11,92
38038 Santa Cruz de Tenerife	2017	5,7
38038 Santa Cruz de Tenerife	2016	0,53
38038 Santa Cruz de Tenerife	2015	-1,11
38038 Santa Cruz de Tenerife	2014	-7,18
35022 Santa Lucía de Tirajana	2023	21,1
35022 Santa Lucía de Tirajana	2022	18,5
35022 Santa Lucía de Tirajana	2021	14,72
35022 Santa Lucía de Tirajana	2020	-9,17
35022 Santa Lucía de Tirajana	2019	17,22
35022 Santa Lucía de Tirajana	2018	20,18
35022 Santa Lucía de Tirajana	2017	20,62
35022 Santa Lucía de Tirajana	2016	17,45
35022 Santa Lucía de Tirajana	2015	1,58
35022 Santa Lucía de Tirajana	2014	7,63
39075 Santander	2023	5,66
39075 Santander	2022	6,85
39075 Santander	2021	-3,05
39075 Santander	2020	-7,96
39075 Santander	2019	4,83
39075 Santander	2018	2,87
39075 Santander	2017	0,54
39075 Santander	2016	-4,09
39075 Santander	2015	-7,51
39075 Santander	2014	-10,17
15078 Santiago de Compostela	2023	7,82
15078 Santiago de Compostela	2022	6,69
15078 Santiago de Compostela	2021	2,66
15078 Santiago de Compostela	2020	-0,51
15078 Santiago de Compostela	2019	6,03
15078 Santiago de Compostela	2018	8,83
15078 Santiago de Compostela	2017	-0,53
15078 Santiago de Compostela	2016	5,09
15078 Santiago de Compostela	2015	3,7
15078 Santiago de Compostela	2014	-1,96
48082 Santurtzi	2023	3,36
48082 Santurtzi	2022	7,03
48082 Santurtzi	2021	-7,53
48082 Santurtzi	2020	""
48082 Santurtzi	2019	""
48082 Santurtzi	2018	""
48082 Santurtzi	2017	""
48082 Santurtzi	2016	""
48082 Santurtzi	2015	""
48082 Santurtzi	2014	""
40194 Segovia	2023	9,03
40194 Segovia	2022	5,04
40194 Segovia	2021	-11,07
40194 Segovia	2020	-15,94
40194 Segovia	2019	7,38
40194 Segovia	2018	-0,17
40194 Segovia	2017	-1,41
40194 Segovia	2016	-9,63
40194 Segovia	2015	-8,97
40194 Segovia	2014	-10,04
41091 Sevilla	2023	3,76
41091 Sevilla	2022	4,36
41091 Sevilla	2021	-4,62
41091 Sevilla	2020	-10,26
41091 Sevilla	2019	4,06
41091 Sevilla	2018	-0,17
41091 Sevilla	2017	-1,05
41091 Sevilla	2016	-1,64
41091 Sevilla	2015	-4,78
41091 Sevilla	2014	-4,02
33066 Siero	2023	6,65
33066 Siero	2022	7,68
33066 Siero	2021	3,74
33066 Siero	2020	1,26
33066 Siero	2019	-3,06
33066 Siero	2018	0,1
33066 Siero	2017	-2,2
33066 Siero	2016	-3,72
33066 Siero	2015	-4,26
33066 Siero	2014	-3,61
42173 Soria	2023	15,39
42173 Soria	2022	17,94
42173 Soria	2021	-10,57
42173 Soria	2020	-2,06
42173 Soria	2019	10,68
42173 Soria	2018	7,29
42173 Soria	2017	5,92
42173 Soria	2016	-7,43
42173 Soria	2015	0,08
42173 Soria	2014	-8,85
45165 Talavera de la Reina	2023	12,24
45165 Talavera de la Reina	2022	12,19
45165 Talavera de la Reina	2021	-1,42
45165 Talavera de la Reina	2020	-5,54
45165 Talavera de la Reina	2019	2,94
45165 Talavera de la Reina	2018	4,9
45165 Talavera de la Reina	2017	-3,54
45165 Talavera de la Reina	2016	-9,75
45165 Talavera de la Reina	2015	-12,18
45165 Talavera de la Reina	2014	-18,95
43148 Tarragona	2023	19,27
43148 Tarragona	2022	21,28
43148 Tarragona	2021	-5,42
43148 Tarragona	2020	-2,54
43148 Tarragona	2019	14,62
43148 Tarragona	2018	16,61
43148 Tarragona	2017	6
43148 Tarragona	2016	3,15
43148 Tarragona	2015	-1,23
43148 Tarragona	2014	-7,17
35026 Telde	2023	3,36
35026 Telde	2022	1,78
35026 Telde	2021	-1,15
35026 Telde	2020	3,73
35026 Telde	2019	1,4
35026 Telde	2018	2,17
35026 Telde	2017	4,1
35026 Telde	2016	-1,56
35026 Telde	2015	0,84
35026 Telde	2014	0,02
08279 Terrassa	2023	13,32
08279 Terrassa	2022	11,55
08279 Terrassa	2021	0,49
08279 Terrassa	2020	-4,71
08279 Terrassa	2019	13,83
08279 Terrassa	2018	9,21
08279 Terrassa	2017	9,69
08279 Terrassa	2016	6,06
08279 Terrassa	2015	-0,43
08279 Terrassa	2014	-1,41
44216 Teruel	2023	8,54
44216 Teruel	2022	12,38
44216 Teruel	2021	-5,25
44216 Teruel	2020	-9,48
44216 Teruel	2019	9,7
44216 Teruel	2018	5,56
44216 Teruel	2017	5,82
44216 Teruel	2016	-2,25
44216 Teruel	2015	-0,73
44216 Teruel	2014	-2,39
45168 Toledo	2023	5,38
45168 Toledo	2022	11,61
45168 Toledo	2021	-5,02
45168 Toledo	2020	-6,51
45168 Toledo	2019	10,99
45168 Toledo	2018	6,99
45168 Toledo	2017	6,44
45168 Toledo	2016	3,37
45168 Toledo	2015	2,8
45168 Toledo	2014	-1,3
28148 Torrejón de Ardoz	2023	20,41
28148 Torrejón de Ardoz	2022	19,41
28148 Torrejón de Ardoz	2021	16,09
28148 Torrejón de Ardoz	2020	3,94
28148 Torrejón de Ardoz	2019	11,18
28148 Torrejón de Ardoz	2018	12,62
28148 Torrejón de Ardoz	2017	13,32
28148 Torrejón de Ardoz	2016	8,09
28148 Torrejón de Ardoz	2015	0,37
28148 Torrejón de Ardoz	2014	0,44
39087 Torrelavega	2023	4,56
39087 Torrelavega	2022	2,68
39087 Torrelavega	2021	-2,11
39087 Torrelavega	2020	-7,67
39087 Torrelavega	2019	2
39087 Torrelavega	2018	-3,74
39087 Torrelavega	2017	-6,69
39087 Torrelavega	2016	-14,97
39087 Torrelavega	2015	-12,74
39087 Torrelavega	2014	-13
29901 Torremolinos	2023	8,14
29901 Torremolinos	2022	21,44
29901 Torremolinos	2021	14,28
29901 Torremolinos	2020	-18,81
29901 Torremolinos	2019	7,33
29901 Torremolinos	2018	5,83
29901 Torremolinos	2017	8,25
29901 Torremolinos	2016	-1,25
29901 Torremolinos	2015	4,35
29901 Torremolinos	2014	2,06
46244 Torrent	2023	24,06
46244 Torrent	2022	25,17
46244 Torrent	2021	9,83
46244 Torrent	2020	4,31
46244 Torrent	2019	21,11
46244 Torrent	2018	11,78
46244 Torrent	2017	7,6
46244 Torrent	2016	-1,64
46244 Torrent	2015	8,14
46244 Torrent	2014	-5,53
03133 Torrevieja	2023	65,03
03133 Torrevieja	2022	66,21
03133 Torrevieja	2021	2,84
03133 Torrevieja	2020	-11,01
03133 Torrevieja	2019	15,83
03133 Torrevieja	2018	8,89
03133 Torrevieja	2017	-7,87
03133 Torrevieja	2016	-11,48
03133 Torrevieja	2015	-49,04
03133 Torrevieja	2014	-33
41095 Utrera	2023	8,1
41095 Utrera	2022	5,39
41095 Utrera	2021	6,79
41095 Utrera	2020	5,23
41095 Utrera	2019	4,6
41095 Utrera	2018	-36,56
41095 Utrera	2017	-1,6
41095 Utrera	2016	0,51
41095 Utrera	2015	2,2
41095 Utrera	2014	2,3
28161 Valdemoro	2023	23,76
28161 Valdemoro	2022	27,01
28161 Valdemoro	2021	19,23
28161 Valdemoro	2020	8,52
28161 Valdemoro	2019	16,8
28161 Valdemoro	2018	16,43
28161 Valdemoro	2017	10,34
28161 Valdemoro	2016	13,45
28161 Valdemoro	2015	1,84
28161 Valdemoro	2014	8,12
46250 València	2023	24,83
46250 València	2022	16,71
46250 València	2021	2,48
46250 València	2020	-14,31
46250 València	2019	7,43
46250 València	2018	3,63
46250 València	2017	4,57
46250 València	2016	-3,03
46250 València	2015	5,09
46250 València	2014	-0,3
47186 Valladolid	2023	9
47186 Valladolid	2022	6,46
47186 Valladolid	2021	-7,27
47186 Valladolid	2020	-6,35
47186 Valladolid	2019	2,85
47186 Valladolid	2018	-1,52
47186 Valladolid	2017	-2,84
47186 Valladolid	2016	-7,18
47186 Valladolid	2015	-6,7
47186 Valladolid	2014	-9,58
29094 Vélez-Málaga	2023	10,78
29094 Vélez-Málaga	2022	18,1
29094 Vélez-Málaga	2021	21,97
29094 Vélez-Málaga	2020	7,34
29094 Vélez-Málaga	2019	8,8
29094 Vélez-Málaga	2018	10,17
29094 Vélez-Málaga	2017	11,69
29094 Vélez-Málaga	2016	12,45
29094 Vélez-Málaga	2015	9,22
29094 Vélez-Málaga	2014	4,59
36057 Vigo	2023	2,08
36057 Vigo	2022	4,78
36057 Vigo	2021	-3,9
36057 Vigo	2020	-6,91
36057 Vigo	2019	4,49
36057 Vigo	2018	5,85
36057 Vigo	2017	2,24
36057 Vigo	2016	0,58
36057 Vigo	2015	-4,37
36057 Vigo	2014	-3,05
08301 Viladecans	2023	8,43
08301 Viladecans	2022	1,19
08301 Viladecans	2021	-4,11
08301 Viladecans	2020	-5,78
08301 Viladecans	2019	8,76
08301 Viladecans	2018	6,67
08301 Viladecans	2017	2,65
08301 Viladecans	2016	3,25
08301 Viladecans	2015	3,5
08301 Viladecans	2014	2,92
08307 Vilanova i la Geltrú	2023	21,93
08307 Vilanova i la Geltrú	2022	15,19
08307 Vilanova i la Geltrú	2021	5,36
08307 Vilanova i la Geltrú	2020	-5,39
08307 Vilanova i la Geltrú	2019	9,6
08307 Vilanova i la Geltrú	2018	12,18
08307 Vilanova i la Geltrú	2017	2,98
08307 Vilanova i la Geltrú	2016	1,59
08307 Vilanova i la Geltrú	2015	4,38
08307 Vilanova i la Geltrú	2014	-3,91
12135 Vila-real	2023	13,11
12135 Vila-real	2022	9,71
12135 Vila-real	2021	4,39
12135 Vila-real	2020	-3,52
12135 Vila-real	2019	7,83
12135 Vila-real	2018	6,23
12135 Vila-real	2017	4,82
12135 Vila-real	2016	1,63
12135 Vila-real	2015	-6,51
12135 Vila-real	2014	-3,45
01059 Vitoria-Gasteiz	2023	7,74
01059 Vitoria-Gasteiz	2022	9,02
01059 Vitoria-Gasteiz	2021	0,7
01059 Vitoria-Gasteiz	2020	-4,11
01059 Vitoria-Gasteiz	2019	8,79
01059 Vitoria-Gasteiz	2018	10,37
01059 Vitoria-Gasteiz	2017	8,87
01059 Vitoria-Gasteiz	2016	9,53
01059 Vitoria-Gasteiz	2015	2,93
01059 Vitoria-Gasteiz	2014	7,56
49275 Zamora	2023	3,21
49275 Zamora	2022	-3,67
49275 Zamora	2021	-13,62
49275 Zamora	2020	-9,74
49275 Zamora	2019	-6,83
49275 Zamora	2018	-6,83
49275 Zamora	2017	-9,05
49275 Zamora	2016	-13,18
49275 Zamora	2015	-9,67
49275 Zamora	2014	-9,23
50297 Zaragoza	2023	10,31
50297 Zaragoza	2022	12,63
50297 Zaragoza	2021	-8,94
50297 Zaragoza	2020	-0,66
50297 Zaragoza	2019	10,14
50297 Zaragoza	2018	12,1
50297 Zaragoza	2017	2,92
50297 Zaragoza	2016	5,78
50297 Zaragoza	2015	-5,8
50297 Zaragoza	2014	-1,66
